{"cameraMode":{"drawMode":0,"name":"Shaded","section":"Shading Mode"},"sceneLighting":true,"audioPlay":false,"sceneViewState":{"showFog":true,"showMaterialUpdate":false,"showSkybox":true,"showFlares":true,"showImageEffects":true,"showParticleSystems":true},"in2DMode":false,"pivot":{"x":156.39498901367188,"y":76.7233657836914,"z":0.0},"rotation":{"x":0.010499629192054272,"y":0.0059996661730110649,"z":-0.0000629991918685846,"w":0.9999273419380188},"size":164.7611541748047,"orthographic":true}